<?xml version="1.0" encoding="UTF-8"?>
<beans xmlns="http://www.springframework.org/schema/beans"
	xmlns:xsi="http://www.w3.org/2001/XMLSchema-instance"
	xmlns:aop="http://www.springframework.org/schema/aop"
	xmlns:context="http://www.springframework.org/schema/context"
	xmlns:jdbc="http://www.springframework.org/schema/jdbc"
	xmlns:mybatis-spring="http://mybatis.org/schema/mybatis-spring"
	xmlns:tx="http://www.springframework.org/schema/tx"
	xsi:schemaLocation="http://www.springframework.org/schema/jdbc http://www.springframework.org/schema/jdbc/spring-jdbc-4.3.xsd
		http://mybatis.org/schema/mybatis-spring http://mybatis.org/schema/mybatis-spring-1.2.xsd
		http://www.springframework.org/schema/beans https://www.springframework.org/schema/beans/spring-beans.xsd
		http://www.springframework.org/schema/context http://www.springframework.org/schema/context/spring-context-4.3.xsd
		http://www.springframework.org/schema/aop http://www.springframework.org/schema/aop/spring-aop-4.3.xsd
		http://www.springframework.org/schema/tx http://www.springframework.org/schema/tx/spring-tx-4.3.xsd">



	<!-- 데이터베이스 Connection 설정 <bean id="dataSource" class="org.springframework.jdbc.datasource.DriverManagerDataSource"> 
		<property name="driverClassName" value="com.mysql.cj.jdbc.Driver"> </property> 
		<property name="url" value="jdbc:mysql://localhost:3306/ksh?serverTimezone=Asia/Seoul&amp;useSSL=false"> 
		</property> <property name="username" value="root"></property> <property 
		name="password" value="1234"></property> </bean> -->

	<!-- 데이터베이스 log4jdbc 설정 -->

	<bean id="dataSource"
		class="org.springframework.jdbc.datasource.DriverManagerDataSource">
		<property name="driverClassName"
			value="net.sf.log4jdbc.sql.jdbcapi.DriverSpy">
		</property>
		<property name="url"
			value="jdbc:log4jdbc:mysql://localhost:3306/ksh?serverTimezone=Asia/Seoul&amp;useSSL=false">
		</property>
		<property name="username" value="root"></property>
		<property name="password" value="1234"></property>
	</bean>

	<!-- 트랜잭션 처리를 위한 객체 설정 -->
	<bean id="transactionManager"
		class="org.springframework.jdbc.datasource.DataSourceTransactionManager">
		<property name="dataSource" ref="dataSource"></property>
	</bean>
	<!-- 어노테이션으로 트랜잭션 설정 -->
	<tx:annotation-driven/>

	<!-- sqlSessionFactory (PreparedStatement 역할) 설정 -->
	<bean id="sqlSessionFactory"
		class="org.mybatis.spring.SqlSessionFactoryBean">
		<property name="dataSource" ref="dataSource"></property>
		<property name="configLocation"
			value="classpath:/mybatis-config.xml">
		</property>
		<property name="mapperLocations"
			value="classpath:mappers/**/*Mapper.xml">
		</property>
	</bean>

	<!-- SqlSessionTemplate 객체 설정 -->
	<bean id="sqlSession"
		class="org.mybatis.spring.SqlSessionTemplate">
		<constructor-arg ref="sqlSessionFactory"></constructor-arg>
	</bean>




	<!-- AOP 설정을 위한 proxy 객체 생성 -->
	<aop:aspectj-autoproxy></aop:aspectj-autoproxy>

	<!-- 아래의 패키지 조사(scan)하여 패키지 안의 객체를 관리 -->
	<context:component-scan
		base-package="com.ksh.persistence" />
	<context:component-scan
		base-package="com.ksh.service.board" />
		<context:component-scan
		base-package="com.ksh.service.reply" />
		<context:component-scan
		base-package="com.ksh.service.member" />
</beans>
