<?xml version="1.0" encoding="UTF-8"?>
<beans:beans xmlns="http://www.springframework.org/schema/mvc"
	xmlns:xsi="http://www.w3.org/2001/XMLSchema-instance"
	xmlns:beans="http://www.springframework.org/schema/beans"
	xmlns:context="http://www.springframework.org/schema/context"
	xsi:schemaLocation="http://www.springframework.org/schema/mvc https://www.springframework.org/schema/mvc/spring-mvc.xsd
		http://www.springframework.org/schema/beans https://www.springframework.org/schema/beans/spring-beans.xsd
		http://www.springframework.org/schema/context https://www.springframework.org/schema/context/spring-context.xsd">

	<!-- DispatcherServlet Context: defines this servlet's request-processing infrastructure -->
	
	<!-- Enables the Spring MVC @Controller programming model -->
	<annotation-driven />

	<!-- 최대 파일 업로드 용량 설정
		CommonsMultipartResolver : 전송단위보다 큰 용량의 파일 데이터가 부분으로 전송 되었을 때
		다시 재조립해주는 객체
	 -->
	<beans:bean id="multipartResolver"
		class="org.springframework.web.multipart.commons.CommonsMultipartResolver">
		<beans:property name="maxUploadSize" value="5242880"></beans:property>
	</beans:bean>

<!-- 인터셉터 객체 등록 -->
	<beans:bean id="testInterceptor"
		class="com.ksh.interceptor.TestInterceptor">
	</beans:bean>
	<beans:bean id="loginInterceptor"
		class="com.ksh.interceptor.LoginInterceptor">
	</beans:bean>
	<beans:bean id="authInterceptor"
		class="com.ksh.interceptor.AuthentificationInterceptor">
	</beans:bean>
	
	<interceptors>
		<interceptor>
			<mapping path="/doInterceptorA" /> <!-- doInterceptorA uri가 매핑되면 -->
			<beans:ref bean="testInterceptor"/> <!-- testInterceptor 객체가 동작하도록 -->
		</interceptor>
		<interceptor>
			<mapping path="/member/login"/>
			<beans:ref bean="loginInterceptor"/>
		</interceptor>
		<interceptor>
			<mapping path="/board/writeBoard"/>	<!-- 게시판 글쓰기 -->
			<mapping path="/board/modifyBoard"/>	<!-- 게시판 글수정 -->
			<mapping path="/board/remBoard"/>	<!-- 게시판 글삭제 -->
			
			<!-- myPage -->
			<!-- 구매 -->
			<!-- 관리자페이지 등 -->
			<beans:ref bean="authInterceptor"/>
		</interceptor>
	</interceptors>

	<!-- Handles HTTP GET requests for /resources/** by efficiently serving up static resources in the ${webappRoot}/resources directory -->
	<resources mapping="/resources/**" location="/resources/" />

	<!-- Resolves views selected for rendering by @Controllers to .jsp resources in the /WEB-INF/views directory -->
	<beans:bean class="org.springframework.web.servlet.view.InternalResourceViewResolver">
		<beans:property name="prefix" value="/WEB-INF/views/" />
		<beans:property name="suffix" value=".jsp" />
	</beans:bean>
	
	<context:component-scan base-package="com.ksh.controller" />
	<context:component-scan base-package="com.ksh.exception" />
	
	
	
	
</beans:beans>
