<?xml version="1.0" encoding="UTF-8"?>
<!DOCTYPE mapper
  PUBLIC "-//mybatis.org//DTD Mapper 3.0//EN"
  "https://mybatis.org/dtd/mybatis-3-mapper.dtd">

<mapper namespace="com.ksh.mappers.BoardMapper">
	<select id="getAllBoard" resultType="Board">
		select * from board order by
		no desc
	</select>

	<insert id="insertNewBoard">
		insert into board(writer, title, content)
		values(#{writer}, #{title}, #{content})
	</insert>

	<select id="getNo" resultType="int">
		select max(no) as No from board
	</select>

	<insert id="insertUploadedFile">
		insert into uploadedfile(originalFileName,
		newFileName, fileSize, boardNo,
		thumbFilename)
		values(#{originalFileName}, #{newFileName}, #{size}, #{boardNo},
		#{thumbFileName});
	</insert>

	<select id="getReadCountProcess"
		resultType="com.ksh.vodto.ReadCountProcess">
		select * from readcountprocess where ipAddr = #{ipAddr} and
		boardNo =
		#{boardNo}
	</select>

	<select id="getHourDiffReadTime" resultType="int">
		SELECT
		TIMESTAMPDIFF(HOUR, (select readTime from readcountprocess where ipAddr = #{ipAddr} and boardNo = #{boardNo}), now()) AS hourDiff
	</select>

	<update id="updateReadCountProcess">
		update readcountprocess set readTime = now() where
		ipAddr = #{ipAddr} and boardNo = #{boardNo}
	</update>
	
	<update id="upadateReadCount">
		update board set readcount = readcount + 1 where no = #{no}
	</update>
	
	<insert id="insertReadCountProcess">
		insert into readcountprocess(ipAddr, boardNo) values (#{ipAddr}, #{boardNo})
	</insert>
	
	<select id="getBoardByNo" resultType="Board">
		select * from board where no = #{no}
	</select>
	
	<select id="getUploadedFiles" resultType="com.ksh.vodto.UploadedFile">
		SELECT * FROM ksh.uploadedfile where boardNo = #{no}
	</select>

</mapper>