<?xml version="1.0" encoding="UTF-8"?>
<!DOCTYPE mapper
  PUBLIC "-//mybatis.org//DTD Mapper 3.0//EN"
  "https://mybatis.org/dtd/mybatis-3-mapper.dtd">

<mapper namespace="com.ksh.mappers.MemberMapper">
	<select id="curDate" resultType="string">
		select now()
	</select>

	<update id="updateUserPoint">
		<selectKey keyProperty="howmuch" resultType="int"
			order="BEFORE">
			select howmuch from pointpolicy where why = #{why}
		</selectKey>
		update member set userPoint = userPoint + #{howmuch} where userId =
		#{userId}
	</update>
	
	<select id="login" resultType="Member">
		select * from member m inner join uploadedfile u on m.userImg = u.no where userId = #{userId} 
		and userPwd = sha1(md5(#{userPwd}))
		
	</select>
	
	<select id="DailyLoginPoint" resultType="com.ksh.vodto.PointLog">
		select * from pointlog where who = #{who} and why = #{why} order by id desc limit 1;
	</select>
	
	<update id="insertSessionKey">
		update member set sessionLimit = #{sessionLimit}, sessionKey = #{sessionKey} where userId = #{userId}
	</update>
	
	<select id="selectAutoLoginUser" resultType="Member">
		select * from member where sessionKey = #{sessionKey} and sessionLimit > now();
	</select>
</mapper>